id;consumption [kWh];days;variable_cost [e/kWh];fix_cost [e/days]
F0001;9.46;8;0.0624;0.083178
F0002;263.47;14;0.04931;0.190356
F0003;22.25;14;0.0624;0.083178
F0004;777.47;23;0.04931;0.190356
F0005;-151.17;16;0.068162;0.083178
F0006;275.84;29;0.068162;0.083178
F0007;0;34;0.068162;0.083178
